customer_id,age,gender,income_bracket,loyalty_program,membership_years,churn,marital_status,number_of_children,education_level,occupation,transaction_id,transaction_date,product_id,product_category,quantity,unit_price,discount_applied,payment_method,store_location,transaction_hour,day_of_week,week_of_year,month_of_year,avg_purchase_value,purchase_frequency,last_purchase_date,avg_discount_used,preferred_store,online_purchases,in_store_purchases,avg_items_per_transaction,average_spent,total_returned_items,total_returned_value,total_sales,transactions_count,total_items_purchased,total_discounts_received,avg_spent_per_category,max_single_purchase_value,min_single_purchase_value,product_name,product_brand,product_rating,product_review_count,product_stock,product_return_rate,product_size,product_weight,product_color,product_material,product_manufacture_date,product_expiry_date,product_shelf_life,promotion_id,promotion_type,promotion_start_date,promotion_end_date,promotion_effectiveness,promotion_channel,promotion_target_audience,customer_zip_code,customer_city,customer_state,store_zip_code,store_city,store_state,distance_to_store,holiday_season,season,weekend,customer_support_calls,email_subscriptions,app_usage,website_visits,social_media_engagement,days_since_last_purchase
1,56,Male,High,No,0,0,Divorced,3,Bachelor's,Self-Employed,503290,08-04-2019,1480,Electronics,8,49.72,0.5,Credit Card,Location A,18,Wednesday,27,7,411.13,Weekly,09-11-2021,0.02,Location A,55,86,8.64,171.83,0,750.4,563.16,69,367,415.01,114.28,679.25,0.28,Product D,Brand Y,2.5,560,48,0.4,Small,4.61,Red,Metal,08-04-2019,08-04-2019,250,271,20% Off,7-14-2021,12-30-2022,High,Online,New Customers,37848,City D,State Y,88500,City D,State Y,33.21,No,Spring,Yes,5,No,High,30,High,40
2,69,Female,Medium,No,2,0,Married,2,PhD,Unemployed,347796,12-08-2021,1597,Groceries,7,817.76,0.32,Credit Card,Location C,15,Friday,20,2,268.71,Daily,5-16-2021,0.33,Location C,48,2,9.6,20.18,4,551.6,7554.57,8,475,801.79,305.95,491.56,4.65,Product C,Brand X,4.7,413,80,0.3,Medium,0.84,Blue,Metal,08-04-2019,08-05-2019,180,631,Flash Sale,9-23-2021,9-13-2022,Low,Social Media,New Customers,44896,City A,State X,30046,City C,State X,62.56,No,Summer,Yes,6,No,High,40,Medium,338
3,46,Female,Low,No,5,0,Married,3,Bachelor's,Self-Employed,493688,2-17-2020,5142,Toys,8,270.3,0.35,Debit Card,Location A,9,Saturday,35,6,246.79,Weekly,02-07-2021,0.47,Location B,16,45,1.55,55.17,0,629.19,7564.14,73,138,264.31,426.7,938.26,7.3,Product B,Brand X,4.6,312,14,0.08,Medium,0.23,Green,Plastic,08-05-2019,08-06-2019,131,879,Flash Sale,6-13-2021,3-13-2022,Low,Online,New Customers,11816,City B,State X,26169,City A,State Y,83.04,Yes,Winter,Yes,2,Yes,Low,89,Medium,61
4,32,Female,Low,No,0,0,Divorced,2,Master's,Employed,861348,8-13-2020,8447,Toys,2,547.84,0.1,Credit Card,Location A,13,Friday,42,8,178.92,Weekly,12-30-2021,0.41,Location B,50,47,1.78,15.79,3,346.67,8125.92,20,158,192.93,689.58,644.31,7.31,Product A,Brand Z,1.1,110,69,0.09,Large,4.37,Blue,Wood,08-06-2019,08-07-2019,16,211,Buy One Get One Free,5-23-2021,02-06-2022,High,Social Media,Returning Customers,78604,City A,State Y,22667,City B,State Z,50.43,Yes,Winter,No,12,No,Low,12,Low,42
5,60,Female,Low,Yes,7,1,Divorced,2,Bachelor's,Employed,535835,07-02-2021,6025,Clothing,4,785.29,0.17,Mobile Payment,Location C,17,Monday,37,3,214.06,Yearly,11-02-2021,0.22,Location B,48,42,9.38,240.03,2,979.91,114.32,83,263,497.26,715.86,162.86,1.92,Product C,Brand X,3.8,172,25,0.39,Small,1.68,Red,Metal,08-07-2019,08-08-2019,57,862,Flash Sale,4-19-2021,12-04-2022,Medium,Online,New Customers,17760,City B,State Z,87843,City C,State X,36.55,Yes,Summer,Yes,3,No,Medium,31,Low,242
6,25,Male,Medium,Yes,4,1,Divorced,0,Bachelor's,Unemployed,978720,12-01-2020,1883,Clothing,2,751.17,0.32,Credit Card,Location B,19,Saturday,50,2,498.08,Weekly,9-22-2021,0.09,Location C,3,6,5.36,52.14,9,654.76,3372.17,52,324,903.91,34.78,304.16,4.52,Product A,Brand Y,3.3,678,74,0.38,Large,0.26,Green,Glass,08-08-2019,08-09-2019,89,171,Buy One Get One Free,6-22-2021,05-11-2022,High,Social Media,Returning Customers,54549,City D,State Z,72623,City D,State X,66.71,Yes,Summer,No,4,Yes,Medium,80,High,147
7,78,Male,High,No,0,0,Single,2,Master's,Retired,24070,3-14-2020,7781,Toys,5,340.07,0.41,Debit Card,Location A,15,Thursday,12,10,486.99,Monthly,08-08-2021,0,Location B,40,84,3.24,49.28,7,874.15,1322.64,58,76,911.93,186.46,132.03,4.87,Product D,Brand Y,2.4,434,20,0.09,Medium,9.12,White,Plastic,08-09-2019,08-10-2019,316,664,Buy One Get One Free,06-07-2021,11-04-2022,High,Social Media,Returning Customers,76235,City D,State X,87220,City B,State Z,65.35,No,Spring,No,16,No,Medium,9,High,191
8,38,Male,Low,Yes,2,0,Married,1,Master's,Employed,752282,11-17-2021,8642,Groceries,7,17.7,0.42,Debit Card,Location D,22,Saturday,3,9,188.97,Monthly,12-31-2021,0.15,Location D,57,4,5.48,11.62,3,761.87,1716.65,86,129,171.27,805.17,836.72,2.76,Product B,Brand Y,2.4,868,60,0.26,Medium,0.58,Blue,Wood,08-10-2019,08-11-2019,360,733,Buy One Get One Free,1-22-2021,03-02-2022,Low,In-store,New Customers,52863,City B,State Y,72175,City A,State Z,75,Yes,Summer,Yes,1,No,Medium,23,Medium,127
9,56,Female,Low,No,0,0,Single,4,PhD,Self-Employed,11898,5-18-2020,7193,Groceries,7,458.85,0.2,Mobile Payment,Location B,19,Sunday,6,10,95.89,Daily,4-16-2021,0.38,Location D,61,88,2.3,383.94,3,717.51,1358.62,88,270,827.61,360.27,888.73,4.79,Product B,Brand Z,4.4,392,45,0.28,Medium,6.52,Blue,Wood,08-11-2019,08-12-2019,77,429,Flash Sale,5-30-2021,07-12-2022,Medium,In-store,New Customers,65537,City C,State Y,58487,City A,State X,88.15,Yes,Winter,No,0,No,Medium,43,Medium,68
10,75,Male,Medium,No,3,0,Married,2,High School,Self-Employed,321956,03-10-2020,7739,Clothing,4,612.28,0.1,Credit Card,Location C,19,Saturday,33,8,428.36,Yearly,8-17-2021,0.49,Location A,25,6,8.82,134.85,3,642.23,6757.7,74,70,74.83,908.07,547.2,7.7,Product A,Brand X,3.6,356,61,0.03,Large,8.38,Red,Plastic,08-12-2019,8-13-2019,10,516,20% Off,3-29-2021,12-31-2022,Low,In-store,Returning Customers,43331,City C,State X,17320,City C,State Z,59.66,Yes,Spring,Yes,0,No,Medium,57,High,309
11,36,Female,Low,No,1,0,Divorced,1,Bachelor's,Retired,927692,10-13-2021,1804,Furniture,4,192.98,0.41,Mobile Payment,Location D,15,Sunday,43,11,85.82,Yearly,11-13-2021,0.18,Location D,13,2,4.2,414.24,1,490.88,8484.33,71,127,866.01,353.94,131.98,2.21,Product B,Brand Y,3.8,303,22,0.44,Small,8.99,Green,Plastic,8-13-2019,8-14-2019,359,257,Buy One Get One Free,06-09-2021,12-23-2022,Low,Online,New Customers,11562,City C,State Z,44818,City D,State X,52.16,No,Winter,Yes,9,No,High,98,Medium,328
12,40,Female,High,No,2,0,Single,0,High School,Employed,276103,1-26-2021,6986,Electronics,3,875.65,0.39,Mobile Payment,Location A,19,Wednesday,26,9,89.15,Daily,09-11-2021,0.32,Location A,69,50,6.32,445.87,4,10.79,999.17,29,274,590.86,66.03,561.37,5.25,Product B,Brand X,1.4,88,15,0.3,Medium,3.07,Blue,Glass,8-14-2019,8-15-2019,70,603,20% Off,07-10-2021,12-02-2022,Low,Online,Returning Customers,93685,City A,State X,94638,City B,State X,89.78,Yes,Fall,Yes,3,No,High,62,Medium,230
13,28,Male,Medium,Yes,7,0,Single,2,Master's,Unemployed,643957,04-01-2021,568,Clothing,2,671.26,0.34,Debit Card,Location D,0,Tuesday,33,6,45.89,Weekly,05-03-2021,0.14,Location C,26,55,9.58,141.05,7,167.54,923.13,65,390,661.85,476.26,174.23,7.55,Product C,Brand Y,4.2,141,47,0.36,Large,7.57,Black,Plastic,8-15-2019,8-16-2019,319,586,Flash Sale,11-11-2021,8-27-2022,Low,In-store,Returning Customers,32141,City D,State Y,20909,City A,State Y,64.35,Yes,Summer,No,9,No,Medium,22,High,242
14,28,Male,Low,No,6,1,Single,3,Master's,Employed,207348,12-08-2020,1376,Clothing,4,81.02,0.5,Credit Card,Location C,11,Sunday,36,6,286.02,Yearly,01-04-2021,0.3,Location C,95,81,8.49,235.89,2,6.54,4678.45,11,52,240.58,908.69,144.89,6.25,Product B,Brand X,3.8,501,40,0.11,Medium,0.91,Black,Glass,8-16-2019,8-17-2019,234,85,20% Off,06-07-2021,12-15-2022,High,Online,New Customers,80781,City C,State Y,32981,City C,State Y,37.79,Yes,Winter,No,16,No,High,54,Low,86
15,41,Male,Medium,No,7,0,Divorced,3,PhD,Employed,887953,6-17-2021,7339,Groceries,3,815.2,0,Credit Card,Location D,1,Wednesday,6,3,483.34,Daily,01-11-2021,0.4,Location B,51,26,8.04,474.91,1,670.06,2768.37,3,18,726.34,46.8,869.97,6.22,Product A,Brand Z,2.8,981,49,0.18,Large,0.88,Green,Plastic,8-17-2019,8-18-2019,307,215,Buy One Get One Free,7-16-2021,04-10-2022,Medium,In-store,New Customers,70478,City D,State Z,44274,City C,State Z,72.3,No,Fall,Yes,4,Yes,High,35,Low,303
16,70,Male,Medium,No,9,1,Divorced,4,High School,Retired,950662,06-08-2021,1149,Clothing,2,87.71,0.27,Cash,Location D,7,Sunday,46,11,438.19,Yearly,3-15-2021,0.2,Location C,93,7,2.37,375.92,6,46.09,3992.83,79,69,914.16,878.53,310.36,1.85,Product D,Brand Y,1.6,704,43,0.05,Medium,1.49,Red,Glass,8-18-2019,8-19-2019,133,661,Buy One Get One Free,7-23-2021,7-22-2022,Low,In-store,Returning Customers,46924,City A,State Z,77423,City C,State Y,33.18,Yes,Summer,Yes,6,No,Low,63,High,257
17,53,Female,Medium,Yes,9,1,Divorced,1,Bachelor's,Retired,736294,06-11-2021,3009,Groceries,5,390.82,0,Mobile Payment,Location A,12,Sunday,22,2,41.16,Weekly,11-09-2021,0.14,Location B,78,79,5.06,344.59,0,972.17,6936.3,38,17,752.52,509.73,533.66,2.74,Product C,Brand Z,1.6,939,28,0.23,Small,0.76,Blue,Wood,8-19-2019,8-20-2019,120,769,20% Off,5-15-2021,7-17-2022,Medium,Online,Returning Customers,40401,City D,State Z,10769,City B,State Z,25.09,Yes,Spring,Yes,15,No,Low,10,Medium,69
18,57,Male,Low,No,6,0,Divorced,0,High School,Employed,619151,5-28-2020,7414,Groceries,6,241.98,0.18,Mobile Payment,Location B,9,Monday,12,5,346.51,Yearly,6-16-2021,0.07,Location C,49,17,7.71,49.8,3,991.62,5689.28,13,63,729.5,456.12,317.32,9.2,Product C,Brand Y,3.5,327,6,0.11,Small,4.4,Blue,Wood,8-20-2019,8-21-2019,330,179,20% Off,07-03-2021,8-15-2022,Medium,Online,New Customers,52762,City D,State X,17676,City C,State Z,76.5,Yes,Summer,No,0,Yes,High,21,Medium,93
19,41,Male,Medium,No,9,1,Divorced,0,Bachelor's,Employed,469647,09-05-2021,5266,Toys,2,182.88,0.04,Cash,Location D,13,Thursday,23,12,49.85,Weekly,12-05-2021,0.03,Location D,53,96,4.31,280.97,0,60.55,3654.8,66,258,976.45,295.19,413.9,8.28,Product B,Brand Y,3.1,705,79,0.03,Large,2.22,Blue,Plastic,8-21-2019,8-22-2019,350,497,Buy One Get One Free,11-19-2021,11-11-2022,High,In-store,New Customers,38197,City A,State X,94703,City B,State X,20.18,No,Summer,No,3,Yes,High,45,Medium,341
20,20,Male,Low,No,7,0,Single,3,PhD,Unemployed,104093,08-11-2021,3281,Furniture,9,417.57,0.14,Debit Card,Location A,18,Wednesday,47,9,431.04,Weekly,7-29-2021,0.1,Location D,90,36,2.9,138.55,5,567.8,7551.92,75,41,385.76,948.55,426.86,7.48,Product B,Brand Z,2.5,933,56,0.34,Large,4.64,Blue,Metal,8-22-2019,8-23-2019,349,263,Buy One Get One Free,6-15-2021,08-08-2022,Medium,Online,New Customers,47478,City D,State Y,33471,City C,State Z,45.83,Yes,Fall,Yes,8,No,High,65,Low,233
21,39,Female,High,Yes,9,1,Divorced,0,PhD,Employed,768929,07-04-2020,2012,Furniture,1,422.93,0.31,Credit Card,Location C,22,Thursday,21,8,312.25,Daily,12-05-2021,0.32,Location D,26,76,3.06,107.81,9,811.28,9174.37,23,478,242.87,796.38,615.03,5.25,Product C,Brand Y,1.9,78,90,0.38,Large,8.13,Blue,Metal,8-23-2019,8-24-2019,54,270,Flash Sale,04-10-2021,8-13-2022,Medium,Online,Returning Customers,74500,City D,State Y,96882,City D,State Y,26.03,No,Summer,Yes,4,Yes,High,27,High,185
22,70,Male,High,No,8,0,Divorced,0,Bachelor's,Employed,14037,2-28-2020,668,Clothing,4,542.14,0.42,Cash,Location B,3,Saturday,52,9,291.88,Weekly,05-02-2021,0.13,Location D,3,38,4.36,75.13,8,305.77,533.97,83,57,452.71,897.34,861.32,7.32,Product C,Brand X,2.7,704,67,0.3,Large,4.37,White,Wood,8-24-2019,8-25-2019,218,960,20% Off,8-28-2021,7-26-2022,High,In-store,New Customers,69058,City C,State Z,29779,City D,State Y,2.78,No,Summer,Yes,5,Yes,Medium,76,Medium,192
23,19,Male,Low,No,1,0,Divorced,1,High School,Unemployed,191823,11-08-2021,8715,Toys,9,512.97,0.02,Debit Card,Location D,11,Sunday,11,11,128.13,Yearly,12-08-2021,0.27,Location A,30,99,5.7,336.76,3,234.8,8820.87,61,273,984.42,562.15,744.39,4.3,Product C,Brand X,4.9,48,10,0.33,Small,2.68,Green,Plastic,8-25-2019,8-26-2019,150,462,20% Off,7-15-2021,07-09-2022,High,Social Media,New Customers,58301,City A,State Z,59816,City B,State Z,55.73,No,Fall,No,10,Yes,High,43,Medium,260
24,41,Male,Low,Yes,8,0,Single,0,High School,Retired,378545,6-14-2020,3445,Furniture,9,211.15,0.37,Cash,Location B,20,Tuesday,12,2,403.68,Daily,8-25-2021,0.06,Location C,32,36,7.42,248.58,9,796.04,5456.91,66,372,218.42,892.43,378.52,1.61,Product A,Brand Y,2.4,585,17,0.43,Medium,2.81,Black,Glass,8-26-2019,8-27-2019,140,789,Flash Sale,3-31-2021,8-21-2022,Medium,Social Media,New Customers,21585,City C,State Z,35886,City A,State Z,21.57,No,Winter,No,3,Yes,Low,0,Medium,306
25,61,Female,Medium,No,9,1,Single,4,PhD,Unemployed,470629,5-25-2020,3311,Electronics,7,951.92,0.43,Debit Card,Location D,1,Wednesday,33,6,51.8,Weekly,12-14-2021,0.34,Location B,69,60,9.41,172.2,2,947.01,1568.09,81,24,96.81,430.51,794.22,1.42,Product A,Brand X,4.1,884,80,0.47,Medium,7.43,White,Glass,8-27-2019,8-28-2019,345,99,Buy One Get One Free,4-19-2021,5-21-2022,High,Social Media,New Customers,80677,City A,State Z,13509,City C,State X,55.63,Yes,Spring,Yes,15,Yes,Medium,50,Medium,278
26,47,Male,High,No,4,1,Single,0,High School,Retired,974720,02-08-2020,414,Toys,2,687.35,0.04,Mobile Payment,Location B,3,Wednesday,6,9,194.16,Yearly,5-19-2021,0.06,Location B,42,94,1.88,374.84,3,79.14,1639.63,50,213,395.49,539.79,381.46,8.51,Product C,Brand Z,3,32,66,0.43,Medium,0.88,Black,Plastic,8-28-2019,8-29-2019,18,786,20% Off,7-22-2021,05-10-2022,Medium,In-store,Returning Customers,79310,City D,State Z,42779,City D,State Y,15.64,No,Spring,No,6,No,High,88,Low,205
27,55,Male,Low,No,8,1,Married,3,High School,Self-Employed,532425,08-06-2020,5367,Electronics,4,825.54,0.03,Mobile Payment,Location A,12,Wednesday,34,9,42.64,Weekly,4-24-2021,0.07,Location C,58,17,6.8,70.51,9,343.02,292.69,91,52,786.2,104.57,628.14,4.82,Product A,Brand Y,4.9,329,26,0.08,Large,1.63,Red,Wood,8-29-2019,8-30-2019,276,915,20% Off,08-08-2021,5-24-2022,High,Social Media,New Customers,63089,City A,State X,18030,City C,State Z,84.42,No,Summer,Yes,2,No,Medium,16,High,242
28,19,Male,Low,Yes,0,0,Married,4,PhD,Self-Employed,302109,03-06-2021,2614,Groceries,1,446.15,0.48,Credit Card,Location D,22,Thursday,15,8,181.27,Monthly,6-26-2021,0.5,Location D,91,67,9.27,17.7,1,138.14,2909.77,81,322,546.48,168.83,900.06,4.68,Product C,Brand Y,4.4,351,93,0.29,Small,7.76,Blue,Metal,8-30-2019,8-31-2019,280,308,20% Off,06-07-2021,09-07-2022,Low,Online,Returning Customers,64368,City C,State Z,51930,City C,State Z,15.51,Yes,Summer,No,4,Yes,Low,27,Low,119
29,77,Male,Low,No,7,0,Single,1,Bachelor's,Retired,577038,3-27-2021,4642,Clothing,5,833.11,0.32,Credit Card,Location C,10,Monday,46,4,78.13,Daily,03-10-2021,0.34,Location B,42,47,6.73,473.87,8,96.61,1459.27,8,354,921.71,940.9,214.97,4.8,Product C,Brand Y,2.9,992,81,0.17,Large,6.75,Black,Glass,8-31-2019,09-01-2019,148,334,20% Off,7-30-2021,4-23-2022,Low,Online,Returning Customers,49343,City C,State Z,11267,City D,State X,85.14,Yes,Winter,No,3,Yes,Medium,68,Low,284
30,38,Female,Low,Yes,5,0,Divorced,2,High School,Unemployed,130179,8-24-2021,3121,Toys,6,101.91,0.2,Mobile Payment,Location A,22,Monday,45,9,181.81,Weekly,11-04-2021,0.48,Location C,30,81,6.07,278.66,1,579.21,2767.61,93,252,875.62,160.62,587.34,7.83,Product A,Brand X,4.2,486,53,0.48,Medium,3.39,Green,Wood,09-01-2019,09-02-2019,293,283,20% Off,1-25-2021,03-01-2022,High,In-store,Returning Customers,66903,City C,State Y,51517,City A,State Z,53.04,Yes,Fall,Yes,0,Yes,Low,42,Medium,39
31,50,Male,Low,Yes,4,1,Married,4,PhD,Self-Employed,914952,8-17-2021,2843,Toys,5,338.22,0.01,Cash,Location A,10,Monday,24,10,160.34,Monthly,5-18-2021,0.06,Location B,8,54,1.38,118.2,5,309.29,3464.48,23,448,892.7,700.18,361.75,9.31,Product D,Brand X,4.5,312,45,0.03,Large,5.97,Green,Wood,09-02-2019,09-03-2019,157,416,Buy One Get One Free,4-27-2021,05-09-2022,Medium,Social Media,Returning Customers,67111,City C,State Y,31830,City D,State Y,80.29,Yes,Spring,No,8,No,Low,40,Low,173
32,29,Male,Medium,No,3,0,Married,0,Bachelor's,Employed,901113,11-15-2020,3338,Electronics,5,15.89,0.42,Mobile Payment,Location D,17,Wednesday,52,7,14.02,Daily,08-05-2021,0.15,Location B,99,7,4.58,182.56,4,360.44,5059.33,68,290,472.77,200.52,860.59,8.57,Product A,Brand Y,1.4,385,84,0.06,Large,4.75,White,Glass,09-03-2019,09-04-2019,265,282,Flash Sale,1-22-2021,6-19-2022,Low,In-store,New Customers,61623,City D,State X,39063,City B,State Z,93.03,Yes,Summer,Yes,16,No,High,50,Medium,223
33,75,Male,High,No,9,1,Single,0,High School,Self-Employed,523222,12-06-2021,4854,Groceries,9,134.44,0.38,Cash,Location B,17,Monday,20,12,357.02,Weekly,2-27-2021,0.41,Location D,48,61,3.82,136.95,4,991.22,6662.93,75,431,726.46,451.1,812.88,4.42,Product D,Brand Y,4.3,838,13,0.3,Medium,9.59,Green,Plastic,09-04-2019,09-05-2019,252,269,Flash Sale,11-12-2021,06-10-2022,High,In-store,New Customers,33297,City B,State Z,67879,City A,State Z,34.62,No,Summer,Yes,15,No,Low,99,Low,16
34,39,Female,High,Yes,0,1,Divorced,0,Master's,Unemployed,530534,05-08-2020,8507,Furniture,4,728.02,0.02,Mobile Payment,Location A,20,Friday,16,4,481.38,Yearly,07-06-2021,0.06,Location D,41,72,8.74,415.71,6,323.2,9816.39,11,296,381.69,321.45,493.08,4.55,Product A,Brand X,1,330,2,0.22,Medium,6.75,Green,Plastic,09-05-2019,09-06-2019,28,407,Flash Sale,06-04-2021,10-18-2022,Medium,In-store,Returning Customers,26320,City D,State X,73769,City B,State Y,90.74,No,Spring,Yes,7,No,Low,91,High,358
35,78,Male,Low,No,1,0,Single,3,Bachelor's,Employed,338878,4-15-2020,1067,Electronics,9,129.03,0.23,Debit Card,Location B,10,Tuesday,38,11,411.66,Daily,06-08-2021,0.04,Location B,84,37,2.86,245.76,8,340,4831.51,55,98,597.08,448.33,255.5,3.76,Product A,Brand X,3.5,354,72,0.34,Medium,8.85,Red,Plastic,09-06-2019,09-07-2019,30,670,20% Off,2-25-2021,10-04-2022,Low,Online,Returning Customers,94542,City A,State Y,27674,City D,State Z,32.74,No,Winter,No,17,Yes,Low,7,High,162
36,61,Male,Low,Yes,0,1,Married,4,Bachelor's,Self-Employed,431082,11-24-2021,8037,Furniture,5,422.37,0.33,Mobile Payment,Location D,12,Sunday,21,12,467.08,Weekly,6-15-2021,0.14,Location B,68,80,3.21,11.47,0,96.78,7063.64,23,189,87.51,201,395.98,6.96,Product B,Brand X,3.1,913,43,0.39,Medium,0.99,Green,Metal,09-07-2019,09-08-2019,23,711,20% Off,4-29-2021,05-02-2022,Low,In-store,New Customers,28124,City D,State X,13128,City D,State X,61.76,No,Fall,No,19,Yes,High,90,High,274
37,42,Male,Low,No,3,1,Married,3,High School,Retired,134128,12-16-2021,3340,Groceries,6,113.69,0.42,Mobile Payment,Location A,6,Wednesday,50,3,389.46,Yearly,3-20-2021,0.18,Location C,70,92,7.36,415.77,0,154.3,3387.4,28,179,371.2,28.91,419.97,9.83,Product D,Brand X,4.5,31,48,0.35,Medium,4.81,Red,Wood,09-08-2019,09-09-2019,25,237,20% Off,2-17-2021,4-13-2022,Low,Online,New Customers,32593,City B,State Y,32473,City C,State Y,37.56,No,Summer,Yes,2,Yes,Low,79,High,164
38,66,Male,High,No,0,1,Married,1,PhD,Employed,561919,12-08-2020,4404,Electronics,4,821.95,0.26,Cash,Location C,11,Thursday,39,2,254.4,Yearly,6-22-2021,0.13,Location B,22,95,4.02,197.03,2,761.03,4817.8,75,289,405.26,659.53,348.73,2.14,Product B,Brand Z,1.5,528,4,0.25,Medium,6.79,Red,Plastic,09-09-2019,09-10-2019,121,906,Flash Sale,04-11-2021,02-10-2022,High,Social Media,Returning Customers,55973,City B,State Z,62571,City D,State Z,8.43,No,Fall,Yes,11,No,High,63,Low,196
39,44,Male,Medium,No,4,1,Divorced,2,High School,Unemployed,713655,12-26-2021,8280,Electronics,5,685.73,0.04,Cash,Location A,10,Thursday,49,3,31.62,Monthly,8-15-2021,0.11,Location B,97,77,8.66,310,2,928.32,5974.24,71,370,318.75,713.85,89.07,9.2,Product D,Brand X,3.2,133,48,0.34,Large,2.86,Red,Wood,09-10-2019,09-11-2019,209,821,20% Off,01-11-2021,8-21-2022,High,Social Media,Returning Customers,62306,City D,State Y,42707,City A,State Y,72.47,No,Fall,Yes,10,No,High,91,Medium,164
40,76,Male,High,Yes,6,0,Single,4,Master's,Retired,687009,10-09-2020,7704,Clothing,4,597,0.03,Debit Card,Location B,7,Friday,12,3,28.56,Daily,10-31-2021,0.2,Location A,68,7,6.73,123.55,3,261.36,9021.37,60,281,533.8,121.39,333.03,0.71,Product C,Brand Z,4.7,595,99,0.06,Small,6.88,Blue,Wood,09-11-2019,09-12-2019,84,805,Buy One Get One Free,10-31-2021,7-23-2022,Medium,Social Media,New Customers,26972,City C,State X,57351,City A,State Y,36.49,Yes,Spring,No,19,Yes,Medium,7,Low,362
41,59,Male,High,No,2,0,Married,2,PhD,Employed,140525,1-30-2021,8199,Electronics,6,172.07,0.4,Credit Card,Location B,12,Friday,12,1,217.44,Yearly,5-18-2021,0.11,Location B,47,91,6.36,21.8,7,244.95,9144.04,36,321,40.19,317.76,24.52,5.64,Product D,Brand X,3.2,690,6,0.17,Large,2.79,Red,Metal,09-12-2019,9-13-2019,323,127,20% Off,4-23-2021,02-03-2022,Medium,Social Media,New Customers,17351,City D,State Y,20121,City D,State Y,34.38,Yes,Spring,Yes,11,Yes,Medium,50,High,172
42,45,Male,High,Yes,4,1,Married,2,Master's,Self-Employed,882032,01-09-2020,1992,Groceries,5,632.41,0.09,Cash,Location D,8,Friday,34,11,324.08,Monthly,2-26-2021,0.29,Location A,15,12,3.78,78.18,5,691.7,5728.99,76,261,958.42,551.81,987.42,4.21,Product A,Brand X,4.3,932,77,0.08,Small,7.53,Black,Metal,9-13-2019,9-14-2019,364,635,20% Off,8-24-2021,10-24-2022,Low,Social Media,Returning Customers,67043,City A,State X,64985,City C,State Y,87.36,Yes,Spring,No,4,No,Medium,97,Low,216
43,77,Male,High,Yes,3,0,Single,1,PhD,Self-Employed,347224,08-12-2020,2761,Furniture,7,52.47,0.07,Debit Card,Location D,11,Thursday,14,4,171.04,Monthly,6-13-2021,0.15,Location A,47,80,9.45,350.34,8,107.05,3526.23,76,498,930.2,689.46,388.1,2.19,Product A,Brand Y,4.5,960,64,0.41,Large,8.51,White,Wood,9-14-2019,9-15-2019,30,726,Flash Sale,04-02-2021,07-05-2022,Medium,Social Media,Returning Customers,62751,City D,State Y,24877,City A,State Z,91.66,Yes,Fall,No,9,No,High,37,Medium,192
44,33,Male,Medium,Yes,8,1,Divorced,3,PhD,Employed,788407,9-19-2021,2771,Furniture,8,175.74,0.3,Credit Card,Location A,17,Wednesday,24,11,364.96,Daily,4-20-2021,0.08,Location C,68,2,2.91,185.72,6,560.52,6448.9,40,165,254.38,619.49,829.4,9.24,Product C,Brand Y,4.8,147,9,0.16,Large,8.77,Blue,Metal,9-15-2019,9-16-2019,99,27,Buy One Get One Free,8-14-2021,6-18-2022,Low,In-store,Returning Customers,38995,City C,State X,96315,City C,State Y,92.02,No,Winter,No,3,Yes,Medium,71,Medium,183
45,32,Female,High,No,1,0,Single,4,Master's,Unemployed,353965,10-14-2021,9134,Electronics,4,67.87,0.07,Mobile Payment,Location A,9,Wednesday,4,3,247.3,Yearly,1-18-2021,0.46,Location A,92,92,6.82,24.32,8,525.11,1723.41,70,420,119.32,151.2,415.21,2.12,Product B,Brand Y,4.6,314,68,0.45,Medium,2.46,Red,Metal,9-16-2019,9-17-2019,171,687,Buy One Get One Free,2-24-2021,9-20-2022,Low,In-store,Returning Customers,66432,City B,State Y,61544,City B,State X,83.61,No,Fall,Yes,15,Yes,Medium,68,Low,206
46,79,Female,High,Yes,3,0,Married,1,Master's,Unemployed,793727,3-22-2020,9560,Clothing,6,377.62,0.27,Cash,Location B,22,Monday,24,2,364.83,Daily,05-04-2021,0.42,Location A,80,17,8.28,150.71,8,113.22,6292.38,5,275,780.08,24.77,138.65,0.35,Product D,Brand X,1.2,626,6,0.28,Small,0.53,Green,Glass,9-17-2019,9-18-2019,189,241,Flash Sale,09-04-2021,12-16-2022,Low,Online,Returning Customers,49394,City C,State Z,85895,City C,State Y,10.77,No,Fall,No,9,No,Medium,13,Low,70
47,79,Male,Low,Yes,5,0,Married,0,PhD,Self-Employed,638958,6-26-2021,8917,Furniture,9,797.62,0.24,Cash,Location D,3,Thursday,31,4,168.61,Yearly,5-29-2021,0.15,Location B,1,30,3.22,180.9,9,581.05,8230.32,9,464,687.47,944.38,987.07,2.02,Product D,Brand Y,1.3,412,34,0.04,Small,1.52,Blue,Metal,9-18-2019,9-19-2019,142,502,Flash Sale,11-14-2021,03-06-2022,Low,In-store,New Customers,64680,City D,State X,80680,City A,State Y,47.72,Yes,Fall,No,11,No,Medium,31,Medium,209
48,64,Male,Low,No,3,1,Single,0,PhD,Unemployed,765484,7-16-2020,8087,Groceries,8,719.79,0.13,Cash,Location B,20,Friday,47,7,399.38,Weekly,5-27-2021,0.13,Location A,19,50,9.25,459.58,0,350.27,8729.63,59,196,646.09,339.8,71.69,6.48,Product B,Brand Z,1.5,928,95,0.38,Small,4.46,Black,Glass,9-19-2019,9-20-2019,234,877,Flash Sale,04-08-2021,11-15-2022,Low,In-store,New Customers,10997,City A,State X,53852,City C,State X,70.98,No,Spring,No,13,Yes,High,43,Low,229
49,79,Male,Low,No,9,0,Married,0,PhD,Self-Employed,56524,10-15-2021,6803,Groceries,6,807.22,0.46,Debit Card,Location C,10,Tuesday,14,10,95.48,Weekly,04-05-2021,0.25,Location C,94,17,6,272.65,0,979.78,1558.77,66,51,345.78,214.71,544.48,0.44,Product B,Brand Z,3.5,101,17,0.06,Small,1.18,White,Wood,9-20-2019,9-21-2019,211,444,20% Off,05-01-2021,12-03-2022,Low,Social Media,Returning Customers,43560,City A,State X,73157,City D,State Y,77.18,No,Spring,Yes,15,Yes,High,7,Low,306
50,68,Male,Medium,Yes,0,0,Single,1,PhD,Employed,190282,10-18-2021,7111,Toys,3,810.19,0.11,Mobile Payment,Location C,20,Sunday,44,3,425.46,Daily,8-19-2021,0.34,Location D,25,94,6.35,270.64,7,277.97,429.84,30,444,516.4,228.62,605.55,2.13,Product A,Brand Z,1.9,187,69,0.1,Medium,2.08,Blue,Metal,9-21-2019,9-22-2019,180,60,Buy One Get One Free,2-18-2021,12-18-2022,High,In-store,New Customers,71882,City B,State Y,57827,City C,State Z,13.83,Yes,Winter,Yes,15,No,High,92,High,237
51,61,Female,Medium,Yes,2,0,Divorced,0,Master's,Self-Employed,676826,8-20-2021,3603,Toys,4,646.55,0.18,Debit Card,Location A,6,Monday,25,7,80.52,Monthly,2-15-2021,0.35,Location A,54,55,4.23,454.29,1,874.34,8147.34,29,318,111.29,831.76,696.82,2.49,Product D,Brand Y,4,37,12,0.22,Medium,7.22,Green,Glass,9-22-2019,9-23-2019,274,885,Flash Sale,08-11-2021,03-04-2022,High,In-store,New Customers,24662,City C,State Z,10303,City D,State Y,9.46,No,Spring,Yes,10,Yes,High,10,Medium,300
52,72,Male,Medium,Yes,8,1,Married,1,Master's,Self-Employed,70048,05-09-2021,8618,Electronics,3,422.91,0.06,Credit Card,Location A,11,Wednesday,23,4,499.91,Weekly,10-08-2021,0.16,Location B,23,35,4.3,276.41,3,541,7953.11,30,447,644.05,208.02,833.51,2.13,Product C,Brand X,1.7,823,59,0.2,Large,7.19,Red,Wood,9-23-2019,9-24-2019,63,275,Flash Sale,8-30-2021,01-04-2022,High,In-store,Returning Customers,90106,City B,State X,69563,City D,State X,85.41,Yes,Winter,Yes,11,No,Medium,22,Low,203
53,69,Male,High,Yes,5,0,Married,1,High School,Employed,906076,02-03-2020,8973,Furniture,1,850.68,0.15,Mobile Payment,Location B,13,Sunday,29,4,380.77,Yearly,5-15-2021,0.21,Location A,7,79,1.97,256.48,9,149.25,566.77,94,328,654.18,519.78,772.18,6.36,Product B,Brand Y,4.6,123,70,0.32,Small,0.8,Blue,Metal,9-24-2019,9-25-2019,35,567,20% Off,6-20-2021,11-29-2022,Low,In-store,New Customers,73957,City C,State Z,32899,City A,State Y,62.2,Yes,Winter,Yes,0,Yes,Low,47,High,81
54,74,Male,Low,No,9,1,Divorced,1,Bachelor's,Self-Employed,927481,3-16-2021,2834,Clothing,9,561.83,0.18,Debit Card,Location D,1,Saturday,10,11,201.76,Weekly,08-02-2021,0.46,Location A,98,10,2.81,204.1,9,478.46,1530.61,6,396,929.23,426.45,330.11,4.4,Product D,Brand Y,1.6,77,38,0.26,Small,4.7,Red,Wood,9-25-2019,9-26-2019,334,943,Buy One Get One Free,11-01-2021,12-25-2022,Medium,Social Media,Returning Customers,78757,City D,State X,99542,City C,State Z,75.94,Yes,Fall,Yes,18,Yes,Low,26,Medium,67
55,20,Male,High,No,6,0,Single,1,Bachelor's,Retired,199602,7-27-2020,6664,Clothing,2,226.54,0.37,Debit Card,Location A,15,Tuesday,11,8,22.74,Weekly,7-29-2021,0.22,Location B,66,22,1.66,431.97,7,482.75,5650.68,35,466,747.64,15.4,178.9,5.05,Product D,Brand X,2.4,639,98,0.15,Medium,8.07,White,Wood,9-26-2019,9-27-2019,99,154,Buy One Get One Free,5-14-2021,08-10-2022,Medium,Online,Returning Customers,55287,City C,State Y,77520,City C,State X,42.44,Yes,Winter,Yes,11,Yes,High,68,Medium,216
56,54,Female,Low,No,1,1,Single,0,Bachelor's,Unemployed,609390,12-27-2021,1095,Toys,2,528.3,0.22,Debit Card,Location D,23,Saturday,46,5,210.12,Monthly,11-14-2021,0.08,Location A,49,2,5.71,411.23,6,296.55,3988.94,62,171,965.81,210.18,625.58,3.66,Product A,Brand X,2.5,909,18,0.06,Large,2.99,Black,Wood,9-27-2019,9-28-2019,112,809,Flash Sale,11-19-2021,11-30-2022,High,In-store,Returning Customers,70894,City D,State X,70257,City A,State X,90.8,Yes,Fall,No,10,No,High,51,High,141
57,68,Male,Low,Yes,8,0,Single,3,High School,Retired,250548,4-30-2021,4573,Electronics,6,520.44,0.15,Credit Card,Location B,3,Tuesday,16,6,389.24,Yearly,5-13-2021,0.3,Location B,49,10,5.29,249.95,7,201.32,7023.52,10,317,914.36,911.34,733.02,4.28,Product D,Brand Y,3.3,592,88,0.21,Large,1,Black,Glass,9-28-2019,9-29-2019,216,155,Buy One Get One Free,07-10-2021,07-11-2022,Low,In-store,Returning Customers,10347,City D,State Z,16969,City B,State Z,16.96,Yes,Spring,No,10,Yes,High,67,Medium,218
58,24,Male,Low,No,2,0,Single,1,Master's,Unemployed,841332,9-13-2020,4078,Furniture,6,293.39,0.14,Cash,Location A,14,Thursday,22,8,297.64,Yearly,7-15-2021,0.27,Location A,8,1,3.53,158.09,0,717.16,8234.11,75,67,488.93,431.86,369.92,9.49,Product C,Brand Y,1.3,187,24,0.28,Small,3.86,Green,Metal,9-29-2019,9-30-2019,9,301,20% Off,10-08-2021,7-29-2022,High,Online,Returning Customers,39795,City B,State Y,47559,City A,State Z,51.38,Yes,Spring,Yes,13,Yes,Low,26,High,148
59,38,Male,High,No,6,0,Divorced,0,Bachelor's,Retired,965251,6-29-2021,6108,Groceries,2,376.96,0.15,Credit Card,Location C,6,Thursday,15,11,360.68,Weekly,2-18-2021,0.31,Location A,56,6,2.05,300.6,4,516.38,7492.81,74,258,742.7,922.23,880.43,9.92,Product A,Brand Z,3.3,395,42,0.42,Medium,1.03,Red,Glass,9-30-2019,10-01-2019,35,123,Buy One Get One Free,1-31-2021,08-02-2022,Low,Online,Returning Customers,87812,City A,State Z,85311,City A,State Z,16.28,Yes,Spring,No,3,Yes,Low,0,High,171
60,26,Female,High,No,6,0,Divorced,2,PhD,Self-Employed,115377,7-23-2020,83,Clothing,5,399.04,0.34,Debit Card,Location B,5,Sunday,15,6,475.65,Monthly,8-22-2021,0.49,Location C,45,0,2.76,62.36,4,261.12,8182.9,6,285,54.96,980.45,280.07,8.56,Product D,Brand Y,5,768,1,0.03,Large,3.73,White,Glass,10-01-2019,10-02-2019,196,631,Flash Sale,10-22-2021,08-05-2022,Medium,Online,New Customers,98831,City B,State Y,13142,City C,State Z,75.38,No,Fall,No,19,Yes,Low,57,High,274
61,56,Female,Medium,No,3,1,Divorced,3,PhD,Employed,826251,6-29-2021,9609,Toys,1,328,0.44,Mobile Payment,Location C,15,Saturday,28,8,422.91,Weekly,11-23-2021,0.25,Location A,82,92,1.9,42.39,5,720.97,7578.38,43,92,275.91,587.16,354.48,7.11,Product D,Brand X,2.3,195,74,0.4,Large,4.66,Red,Plastic,10-02-2019,10-03-2019,6,632,Flash Sale,7-13-2021,08-10-2022,Medium,Social Media,Returning Customers,74012,City D,State Z,48851,City B,State Z,13.62,No,Fall,Yes,12,No,High,66,High,158
62,35,Female,High,No,5,1,Divorced,3,PhD,Unemployed,474880,8-28-2021,3188,Toys,5,190.8,0.22,Mobile Payment,Location A,8,Wednesday,26,10,223.42,Yearly,08-09-2021,0.39,Location D,68,52,8.92,418.52,6,214.13,5935.52,31,197,837.37,178.78,912.9,1.51,Product C,Brand X,1.6,490,78,0.46,Medium,2.43,Red,Plastic,10-03-2019,10-04-2019,224,801,20% Off,9-26-2021,12-19-2022,Medium,Online,New Customers,49612,City B,State X,93785,City B,State Y,67.36,Yes,Summer,Yes,7,Yes,Medium,74,Medium,160
63,21,Male,High,Yes,2,0,Divorced,2,Bachelor's,Self-Employed,463311,4-14-2021,7581,Groceries,7,656.4,0.34,Mobile Payment,Location C,21,Tuesday,3,8,475.59,Yearly,02-01-2021,0.25,Location D,24,98,7.79,98.36,3,986.82,8290.39,21,269,356.39,736.4,914.65,7.59,Product B,Brand Y,1.2,753,54,0.05,Small,9.17,Red,Glass,10-04-2019,10-05-2019,233,207,Flash Sale,07-03-2021,1-15-2022,High,In-store,New Customers,59175,City D,State X,46261,City B,State Z,81.24,Yes,Spring,No,8,Yes,Low,30,Medium,234
64,42,Male,Medium,Yes,2,1,Divorced,3,Bachelor's,Retired,762617,4-25-2021,921,Clothing,2,796.37,0.33,Cash,Location C,7,Wednesday,30,10,340.58,Monthly,07-08-2021,0.27,Location C,79,48,2.66,424.97,2,830.47,3950.34,53,434,102.01,620.17,896.57,6.77,Product A,Brand X,4.5,196,4,0.05,Small,5.66,White,Glass,10-05-2019,10-06-2019,276,66,20% Off,12-13-2021,5-21-2022,Medium,In-store,Returning Customers,10545,City D,State Z,81817,City C,State Y,15.21,No,Fall,No,4,Yes,Medium,89,Medium,280
65,77,Female,Low,No,1,0,Divorced,4,High School,Employed,950120,11-26-2021,7151,Groceries,9,282.33,0.28,Debit Card,Location A,10,Monday,30,3,76.57,Daily,01-08-2021,0.32,Location A,89,14,3.64,477.54,0,403.13,2347.82,92,339,744.5,374.31,419.02,8.03,Product A,Brand Y,1,673,14,0.43,Medium,0.32,Green,Wood,10-06-2019,10-07-2019,326,388,Flash Sale,11-11-2021,9-24-2022,High,In-store,Returning Customers,42205,City B,State Y,51473,City D,State Y,8.24,Yes,Summer,No,6,Yes,Medium,36,Low,84
66,31,Male,Low,No,9,1,Married,4,Bachelor's,Unemployed,698299,02-02-2021,6224,Groceries,2,992.41,0.03,Debit Card,Location C,20,Tuesday,35,2,104.12,Monthly,1-23-2021,0.24,Location A,94,34,5.7,438.15,5,916.89,8007.38,68,231,361.36,213.21,324.37,3.61,Product A,Brand X,3.6,19,14,0.09,Medium,9.57,Black,Wood,10-07-2019,10-08-2019,223,305,Flash Sale,07-08-2021,5-18-2022,Low,Social Media,New Customers,59026,City C,State Z,29877,City C,State Z,17.04,No,Fall,No,15,No,Medium,84,Low,349
67,67,Male,High,Yes,7,1,Married,2,PhD,Employed,665356,01-06-2021,5134,Toys,5,885.04,0.16,Cash,Location C,11,Friday,13,6,238.32,Yearly,12-20-2021,0.37,Location A,92,20,7.6,162.58,8,693.34,2245.16,17,191,945.35,520.58,717.02,2.76,Product B,Brand Z,3.1,165,3,0.4,Small,4.55,White,Metal,10-08-2019,10-09-2019,177,689,Flash Sale,12-31-2021,06-01-2022,High,In-store,Returning Customers,63036,City C,State X,15186,City D,State X,74.2,No,Spring,Yes,3,Yes,Medium,68,Low,56
68,75,Male,Medium,No,0,0,Married,0,Bachelor's,Retired,918300,6-28-2020,288,Clothing,1,714.73,0.2,Debit Card,Location B,5,Monday,6,6,296.79,Monthly,01-04-2021,0.24,Location B,56,41,5.75,354.49,5,173.68,1968.28,13,306,12.95,525.02,964.71,6.3,Product D,Brand Z,4.1,90,11,0.17,Medium,1.47,Red,Plastic,10-09-2019,10-10-2019,335,52,Flash Sale,08-03-2021,9-21-2022,Medium,Social Media,New Customers,60429,City C,State X,47637,City D,State X,51.71,No,Spring,Yes,5,No,Low,30,Medium,8
69,26,Male,High,Yes,5,0,Single,4,High School,Retired,882162,08-06-2020,5934,Toys,4,115.54,0.44,Cash,Location B,13,Wednesday,37,2,466.77,Yearly,05-01-2021,0.47,Location A,6,44,5.18,491.31,0,165.13,2715.76,38,147,831.94,917.7,282.62,4.97,Product D,Brand Z,1.5,755,17,0.09,Medium,6.13,Green,Plastic,10-10-2019,10-11-2019,11,707,20% Off,6-19-2021,6-24-2022,Low,Online,Returning Customers,26009,City A,State X,73517,City B,State Y,30.01,Yes,Summer,No,0,No,Medium,83,High,169
70,43,Male,Medium,No,7,1,Single,1,Master's,Self-Employed,618082,06-06-2021,5166,Groceries,4,24.05,0.4,Mobile Payment,Location D,6,Tuesday,13,8,402.25,Weekly,4-27-2021,0.13,Location A,30,97,3.2,414.53,5,416.4,885.22,2,384,90.53,991.4,786.11,3.37,Product C,Brand Y,3.5,630,56,0.35,Large,0.76,Green,Plastic,10-11-2019,10-12-2019,254,647,Flash Sale,11-23-2021,12-01-2022,High,In-store,New Customers,88376,City A,State Y,44782,City C,State X,91.49,No,Summer,Yes,14,Yes,Medium,98,Medium,224
71,70,Male,Low,Yes,9,1,Divorced,0,High School,Self-Employed,404135,7-19-2021,616,Electronics,5,418.45,0.35,Credit Card,Location A,8,Saturday,8,12,461.58,Yearly,09-03-2021,0.16,Location A,58,82,5.73,170.94,3,60.89,8398.68,33,130,503.83,365.71,361.32,3.87,Product D,Brand X,3.1,67,73,0.26,Large,4.69,White,Metal,10-12-2019,10-13-2019,67,568,Buy One Get One Free,2-25-2021,5-27-2022,Low,Online,Returning Customers,51383,City B,State X,29311,City D,State Y,31.11,Yes,Spring,No,18,No,High,71,Low,39
72,19,Male,High,Yes,0,0,Married,2,PhD,Retired,808093,01-04-2021,7791,Groceries,7,643.99,0.07,Mobile Payment,Location C,12,Friday,4,3,142.44,Daily,06-01-2021,0.31,Location C,4,58,3.7,54.92,2,156.77,8076.04,42,151,653.5,793.97,49.6,9.44,Product C,Brand Z,2.9,979,30,0.22,Small,1.81,Red,Plastic,10-13-2019,10-14-2019,94,302,Flash Sale,03-06-2021,11-03-2022,Low,Online,New Customers,64436,City D,State Y,23632,City B,State Y,14.49,No,Winter,No,1,No,Medium,60,High,285
73,37,Female,Low,No,4,1,Single,4,Bachelor's,Retired,301633,8-27-2020,8727,Groceries,8,629.13,0.48,Credit Card,Location A,19,Monday,10,3,470.47,Yearly,7-26-2021,0.34,Location A,87,93,9.4,386.44,5,570.38,3604.71,40,310,923.93,962.81,114.24,9.77,Product B,Brand Z,4.4,740,82,0.12,Medium,9.56,Black,Wood,10-14-2019,10-15-2019,203,251,Flash Sale,02-08-2021,02-06-2022,Medium,Social Media,Returning Customers,19184,City A,State Z,76892,City C,State Y,62.12,No,Summer,Yes,6,No,Low,71,Low,186
74,45,Male,Medium,Yes,2,1,Single,4,Master's,Self-Employed,80236,8-26-2021,4881,Toys,8,10.18,0.06,Credit Card,Location D,22,Thursday,7,3,199.54,Daily,10-05-2021,0.31,Location A,48,41,3.46,234.2,9,290.48,1072.21,33,216,97.6,215.7,922.89,1.37,Product D,Brand Y,2.3,771,27,0.28,Medium,2.16,Green,Glass,10-15-2019,10-16-2019,255,674,Flash Sale,09-02-2021,02-06-2022,Low,In-store,Returning Customers,14576,City C,State X,52230,City D,State Z,31.14,Yes,Spring,Yes,18,Yes,Low,64,High,202
75,64,Male,High,Yes,3,1,Divorced,3,Bachelor's,Retired,932583,8-30-2021,4186,Clothing,3,839.66,0.24,Credit Card,Location D,21,Saturday,12,6,96.89,Daily,2-13-2021,0.32,Location D,74,43,6.84,449.3,8,693.63,3574.21,43,458,253.67,747.01,325.05,3.94,Product C,Brand Z,4.7,359,48,0.15,Small,9.77,Red,Plastic,10-16-2019,10-17-2019,264,54,20% Off,6-27-2021,01-06-2022,Low,In-store,New Customers,72244,City C,State Y,68310,City A,State X,68.03,No,Spring,Yes,17,Yes,Low,13,Low,194
76,77,Male,Low,Yes,5,1,Divorced,1,Bachelor's,Retired,998223,12-09-2020,6054,Furniture,2,210.56,0.38,Mobile Payment,Location C,10,Thursday,19,5,464.58,Weekly,10-09-2021,0.1,Location D,11,91,4,377.48,4,301.83,5243.37,69,110,632.65,153.98,465.99,8.29,Product A,Brand Y,4.6,171,68,0.17,Large,8.32,White,Glass,10-17-2019,10-18-2019,260,296,Buy One Get One Free,09-09-2021,11-11-2022,Low,In-store,New Customers,78941,City B,State Z,85269,City D,State Z,7.11,Yes,Fall,No,2,No,Medium,34,High,28
77,24,Male,High,No,8,1,Single,3,Bachelor's,Retired,780035,12-16-2021,1675,Toys,3,778.71,0.4,Mobile Payment,Location A,1,Sunday,49,10,82.73,Yearly,5-22-2021,0.38,Location C,11,46,1.82,104.47,3,11.81,3047.47,50,161,293.12,834.96,151.78,0.29,Product A,Brand Z,4.4,686,84,0.23,Small,3.31,White,Metal,10-18-2019,10-19-2019,69,748,20% Off,8-19-2021,12-27-2022,High,Social Media,Returning Customers,14018,City C,State X,84503,City B,State X,31.24,Yes,Winter,No,6,Yes,High,77,High,29
78,61,Male,Medium,No,0,1,Divorced,4,Bachelor's,Employed,333702,06-12-2021,6825,Furniture,7,204.16,0.25,Mobile Payment,Location D,4,Sunday,50,9,276.73,Daily,1-22-2021,0.16,Location B,5,78,4.96,473.39,9,762.56,1612.8,21,208,553.23,168.73,705.63,4.4,Product B,Brand Y,4.8,128,17,0.27,Large,5.51,White,Wood,10-19-2019,10-20-2019,252,806,20% Off,10-02-2021,1-25-2022,High,Online,New Customers,37334,City C,State X,40441,City B,State Y,71.11,Yes,Winter,Yes,4,No,Low,82,High,167
79,78,Female,High,No,3,1,Divorced,3,Master's,Retired,155620,11-12-2021,5553,Furniture,5,875.72,0.3,Credit Card,Location C,5,Tuesday,39,4,172.39,Yearly,02-04-2021,0.34,Location D,33,32,7.12,100.51,0,475.51,7474.38,56,38,550.81,368.71,757.45,5.15,Product C,Brand Z,2.2,527,44,0.33,Small,2.38,Red,Wood,10-20-2019,10-21-2019,349,354,Flash Sale,9-28-2021,5-23-2022,Medium,In-store,Returning Customers,24625,City D,State X,99033,City B,State Z,29.21,No,Winter,No,13,Yes,High,80,Medium,82
80,25,Male,High,No,6,0,Divorced,1,Bachelor's,Retired,826235,06-04-2021,931,Groceries,2,565.83,0.11,Debit Card,Location D,8,Thursday,29,4,184.88,Weekly,6-29-2021,0.43,Location A,13,36,9.23,493.69,5,309.59,5801.79,34,424,885,444.38,725.27,5.99,Product B,Brand X,1.5,364,75,0.02,Small,9.38,White,Metal,10-21-2019,10-22-2019,263,382,Flash Sale,8-13-2021,05-02-2022,High,Social Media,Returning Customers,82567,City C,State Z,26935,City A,State Z,11.09,No,Winter,Yes,10,No,Low,36,Low,354
81,64,Male,High,No,1,0,Married,1,Bachelor's,Self-Employed,571042,10-28-2021,3064,Groceries,2,641.25,0.07,Debit Card,Location B,20,Saturday,13,10,333.91,Weekly,12-09-2021,0.06,Location A,45,95,6.22,124.72,7,537.67,8942.48,32,362,542.18,373.29,60.66,7.93,Product C,Brand X,1.6,193,73,0.36,Large,7.07,White,Metal,10-22-2019,10-23-2019,75,209,Flash Sale,8-28-2021,11-14-2022,Low,Social Media,New Customers,16272,City B,State X,88996,City B,State Y,88.54,Yes,Winter,No,17,Yes,Medium,2,Low,290
